timestamp_id,timestamp_hhmmss_jst,ms,u_mobile,v_mobile,w_mobile,pitch,roll,wind_speed_mobile
2024-04-26 11:59:23.000,11:58:48,0,3.51,-1.2775,0.1275,24.675,0.225,3.73525183220623
2024-04-26 11:59:23.100,11:58:48,100,3.455,-1.405,0.0,24.645,0.175,3.7297520024795214
2024-04-26 11:59:23.200,11:58:48,200,3.425,-1.2075,0.0,24.565,0.675,3.631622399148898
2024-04-26 11:59:23.300,11:58:48,300,3.5975,-1.0775,0.0,24.675,-0.05,3.755397781860132
2024-04-26 11:59:23.400,11:58:48,400,3.42,-1.1125,0.11,24.6525,0.375,3.5963948962815526
2024-04-26 11:59:23.500,11:58:48,500,3.345,-1.025,0.2175,24.6425,0.4,3.498521116128928
2024-04-26 11:59:23.600,11:58:48,600,3.2,-0.95,0.2175,24.66,0.05,3.338038346094904
2024-04-26 11:59:23.700,11:58:48,700,3.2,-0.9367,0.0,24.65,0.1333,3.3342775664302455
2024-04-26 11:59:24.000,11:58:49,0,3.4025,-0.9425,0.0,24.71,0.525,3.530624944680474
2024-04-26 11:59:24.100,11:58:49,100,3.43,-0.83,0.0,24.705,0.15,3.528994190984168
2024-04-26 11:59:24.200,11:58:49,200,3.1425,-0.905,0.6375,24.7275,0.25,3.2702188382430926
2024-04-26 11:59:24.300,11:58:49,300,3.0525,-0.35,0.285,24.75,0.35,3.0725000000000002
2024-04-26 11:59:24.400,11:58:49,400,2.985,-0.525,0.32,24.755,0.325,3.0308167216115196
2024-04-26 11:59:24.500,11:58:49,500,2.9275,-0.98,0.22,24.8475,0.225,3.087176096370274
2024-04-26 11:59:24.600,11:58:49,600,3.125,-0.735,0.0975,24.705,0.4,3.2102725740970968
2024-04-26 11:59:24.700,11:58:49,700,3.14,-0.7075,0.0,24.6975,0.125,3.2187196600511827
2024-04-26 11:59:24.800,11:58:49,800,3.2,-0.67,-0.05,24.77,0.4,3.269388321995416
2024-04-26 11:59:24.900,11:58:49,900,3.4325,-1.055,0.3,24.83,0.325,3.5909721873052707
2024-04-26 11:59:25.000,11:58:50,0,3.1875,-1.42,0.215,24.7325,0.225,3.4894922624932128
2024-04-26 11:59:25.100,11:58:50,100,3.465,-0.9,0.2975,24.92,0.55,3.5799755585757844
2024-04-26 11:59:25.200,11:58:50,200,3.49,-0.4775,0.5125,24.8975,0.325,3.52251419443556
2024-04-26 11:59:25.300,11:58:50,300,2.98,-0.415,0.2925,24.85,0.125,3.0087580494283683
2024-04-26 11:59:25.400,11:58:50,400,2.9725,0.1,0.0,24.895,0.3,2.9741816101240355
2024-04-26 11:59:25.500,11:58:50,500,2.97,-0.3825,0.0,24.8525,0.325,2.9945293870656875
2024-04-26 11:59:25.600,11:58:50,600,3.5,-0.44,0.0,24.7725,0.225,3.5275487239724983
2024-04-26 11:59:25.700,11:58:50,700,3.14,-0.9325,0.12,24.79,0.275,3.275539077770253
2024-04-26 11:59:25.800,11:58:50,800,3.28,-0.24,0.0,24.6525,0.3,3.288768766575114
2024-04-26 11:59:25.900,11:58:50,900,3.2825,0.0,0.0,24.655,0.375,3.2825
2024-04-26 11:59:26.000,11:58:51,0,3.3,-0.0625,0.0,24.745,0.25,3.3005918029953354
2024-04-26 11:59:26.100,11:58:51,100,3.4825,-0.215,0.0,24.8175,0.25,3.489130443248002
2024-04-26 11:59:26.200,11:58:51,200,3.6375,-0.5825,0.215,24.8125,0.425,3.683844798576618
2024-04-26 11:59:26.300,11:58:51,300,3.355,-0.7075,0.0,24.825,0.275,3.428787139791562
2024-04-26 11:59:26.400,11:58:51,400,3.115,-0.51,0.5325,25.0325,0.3,3.1564735069377665
2024-04-26 11:59:26.500,11:58:51,500,2.8525,-0.515,0.1325,24.7525,0.425,2.8986171271832366
2024-04-26 11:59:26.600,11:58:51,600,2.8575,-0.285,0.0,24.6975,0.05,2.871677427915608
2024-04-26 11:59:26.700,11:58:51,700,2.735,-0.42,0.0,24.66,0.25,2.767060714910318
2024-04-26 11:59:26.800,11:58:51,800,2.8175,-0.0375,0.0,24.7475,0.375,2.8177495452931933
2024-04-26 11:59:26.900,11:58:51,900,2.925,0.2875,0.0,25.29,0.2,2.939095311486172
2024-04-26 11:59:27.000,11:58:52,0,2.73,0.53,0.235,25.4025,0.275,2.780971053427202
2024-04-26 11:59:27.100,11:58:52,100,2.845,0.1375,0.455,25.5525,0.375,2.8483207772299806
2024-04-26 11:59:27.200,11:58:52,200,2.7425,0.29,0.4375,25.88,0.275,2.7577901026002687
2024-04-26 11:59:27.300,11:58:52,300,2.8975,0.11,0.54,25.7925,0.3,2.8995872551106303
2024-04-26 11:59:27.400,11:58:52,400,2.99,-0.045,0.0,25.665,0.325,2.9903386095892217
2024-04-26 11:59:27.500,11:58:52,500,2.6975,0.2875,-0.0025,25.76,0.325,2.7127776355610127
2024-04-26 11:59:27.600,11:58:52,600,2.435,0.4725,0.0,25.7675,0.225,2.4804195713628774
2024-04-26 11:59:27.700,11:58:52,700,2.285,0.4625,0.0,25.61,0.4,2.331336794630926
2024-04-26 11:59:27.800,11:58:52,800,2.4375,0.69,0.0,25.7625,0.3,2.533279741757708
2024-04-26 11:59:27.900,11:58:52,900,2.665,0.625,0.0,25.435,0.275,2.737307070827093
2024-04-26 11:59:28.000,11:58:53,0,2.7375,0.49,-0.1275,25.085,0.325,2.7810081355508474
2024-04-26 11:59:28.100,11:58:53,100,2.915,0.1775,-0.2225,25.095,0.3,2.9203991593616103
2024-04-26 11:59:28.200,11:58:53,200,3.14,0.075,0.0,25.0425,0.225,3.140895572921838
2024-04-26 11:59:28.300,11:58:53,300,3.1425,0.0325,0.0,25.1975,0.325,3.1426680543767267
2024-04-26 11:59:28.400,11:58:53,400,3.3175,0.275,0.0,25.19,0.375,3.328878377171506
2024-04-26 11:59:28.500,11:58:53,500,3.07,0.3625,-0.0025,25.0575,0.3,3.0913275869761843
2024-04-26 11:59:28.600,11:58:53,600,3.1675,0.0975,0.0,25.0,0.35,3.1690002366677095
2024-04-26 11:59:28.700,11:58:53,700,3.195,-0.1175,0.0,25.08,0.325,3.197159872449296
2024-04-26 11:59:28.800,11:58:53,800,3.21,-0.61,0.0975,24.9125,0.2,3.26744548539069
2024-04-26 11:59:28.900,11:58:53,900,3.115,-0.475,0.0,25.055,0.325,3.151007775299833
2024-04-26 11:59:29.000,11:58:54,0,3.05,-0.315,0.0,25.155,0.25,3.066223246927725
2024-04-26 11:59:29.100,11:58:54,100,3.1575,-0.08,0.0,25.0775,0.375,3.1585132974233305
2024-04-26 11:59:29.200,11:58:54,200,3.3675,-0.1075,-0.05,25.025,0.3,3.369215413119203
2024-04-26 11:59:29.300,11:58:54,300,3.2875,-0.1425,0.275,25.175,0.3,3.2905869537211747
2024-04-26 11:59:29.400,11:58:54,400,2.965,-0.3325,0.1375,25.0375,0.35,2.983585301277642
2024-04-26 11:59:29.500,11:58:54,500,3.3875,-0.2575,0.3525,24.9625,0.325,3.397272803293842
2024-04-26 11:59:29.600,11:58:54,600,3.205,-0.33,0.0,25.015,0.375,3.2219442887796803
2024-04-26 11:59:29.700,11:58:54,700,3.2025,-0.115,-0.2525,25.275,0.25,3.204564127927541
2024-04-26 11:59:29.800,11:58:54,800,3.2625,0.015,0.025,25.3425,0.3,3.2625344825763913
2024-04-26 11:59:29.900,11:58:54,900,3.375,0.0,-0.07,25.35,0.425,3.375
2024-04-26 11:59:30.000,11:58:55,0,3.2875,0.14,0.0525,25.375,0.25,3.2904796382898347
2024-04-26 11:59:30.100,11:58:55,100,3.13,0.365,-0.1,25.26,0.325,3.151210085030828
2024-04-26 11:59:30.200,11:58:55,200,3.0875,0.3975,-0.2575,25.5425,0.325,3.112982894267169
2024-04-26 11:59:30.300,11:58:55,300,2.7875,-0.3025,0.085,25.4725,0.4,2.803865635154438
2024-04-26 11:59:30.400,11:58:55,400,3.1625,-0.2925,0.045,25.3225,0.225,3.1759978746844273
2024-04-26 11:59:30.500,11:58:55,500,3.36,-0.4125,0.0,25.22,0.325,3.3852261741278085
2024-04-26 11:59:30.600,11:58:55,600,3.235,-0.635,0.0,25.1475,0.45,3.296733231549074
2024-04-26 11:59:30.700,11:58:55,700,3.0125,-1.045,0.0,25.3875,0.3,3.1886017703689498
2024-04-26 11:59:30.800,11:58:55,800,3.1575,-0.38,0.1025,25.62,0.275,3.180283988891558
2024-04-26 11:59:30.900,11:58:55,900,2.5975,-0.27,0.0,25.56,0.425,2.611495022013253
2024-04-26 11:59:31.000,11:58:56,0,2.635,-0.0475,0.0025,25.53,0.3,2.6354280961543988
2024-04-26 11:59:31.100,11:58:56,100,2.505,-0.1925,0.0,25.5275,0.275,2.5123855695334663
2024-04-26 11:59:31.200,11:58:56,200,2.4025,-0.4725,0.4075,25.5,0.425,2.448522513680444
2024-04-26 11:59:31.300,11:58:56,300,2.455,-0.075,-0.625,25.5575,0.3,2.4561453540049296
2024-04-26 11:59:31.400,11:58:56,400,2.7875,-0.0125,0.1925,25.725,0.325,2.787528026764933
2024-04-26 11:59:31.500,11:58:56,500,2.8875,0.6925,0.7425,25.79,0.325,2.969379143861558
2024-04-26 11:59:31.600,11:58:56,600,2.825,1.2325,0.355,26.14,0.25,3.08215529297276
2024-04-26 11:59:31.700,11:58:56,700,3.0525,0.7975,0.765,26.2575,0.5,3.154958399091817
2024-04-26 11:59:31.800,11:58:56,800,2.65,0.805,0.6225,26.33,0.25,2.7695712664598466
2024-04-26 11:59:31.900,11:58:56,900,2.6325,0.4675,0.3075,26.2875,0.35,2.6736889310463923
2024-04-26 11:59:32.000,11:58:57,0,2.6725,0.7875,0.0,25.5,0.375,2.7861106403012785
2024-04-26 11:59:32.100,11:58:57,100,2.6125,0.8175,0.0,25.3225,0.3,2.737418948571811
2024-04-26 11:59:32.200,11:58:57,200,3.1275,0.8225,0.0,25.47,0.375,3.23384639400204
2024-04-26 11:59:32.300,11:58:57,300,3.0175,0.7325,0.4725,25.655,0.4,3.105134860195286
2024-04-26 11:59:32.400,11:58:57,400,3.3325,0.885,0.2225,25.56,0.325,3.4480112021279745
2024-04-26 11:59:32.500,11:58:57,500,3.7975,1.1675,0.4275,25.4,0.375,3.972916120433453
2024-04-26 11:59:32.600,11:58:57,600,3.3675,1.06,0.435,25.42,0.275,3.530390382096575
2024-04-26 11:59:32.700,11:58:57,700,3.2075,0.92,0.6875,25.745,0.4,3.3368332667365923
2024-04-26 11:59:32.800,11:58:57,800,3.3575,1.22,0.365,25.155,0.35,3.5722830584935457
2024-04-26 11:59:32.900,11:58:57,900,3.3575,1.095,0.0,25.28,0.225,3.531547996275854
2024-04-26 11:59:33.000,11:58:58,0,3.255,1.3925,0.345,25.71,0.45,3.5403504416935903
2024-04-26 11:59:33.100,11:58:58,100,3.225,0.9425,0.1975,24.8475,0.375,3.3599004821571725
2024-04-26 11:59:33.200,11:58:58,200,3.0525,0.985,0.0,24.5575,0.325,3.2074883086302903
2024-04-26 11:59:33.300,11:58:58,300,3.2425,0.955,0.01,24.41,0.3,3.380211716742015
2024-04-26 11:59:33.400,11:58:58,400,3.165,0.93,0.0,24.98,0.4,3.298806602394266
2024-04-26 11:59:33.500,11:58:58,500,3.115,0.95,0.3725,25.275,0.375,3.256643210423887
2024-04-26 11:59:33.600,11:58:58,600,2.9825,0.96,0.7175,25.8275,0.25,3.1331942566652327
2024-04-26 11:59:33.700,11:58:58,700,2.91,1.005,0.53,25.525,0.35,3.0786563627660692
2024-04-26 11:59:33.800,11:58:58,800,2.9825,0.765,0.0,24.52,0.325,3.079047133448918
2024-04-26 11:59:33.900,11:58:58,900,2.905,0.8725,0.0,24.295,0.325,3.033196539955827
2024-04-26 11:59:34.000,11:58:59,0,2.7975,0.9625,0.0,24.435,0.425,2.9584476503734183
2024-04-26 11:59:34.100,11:58:59,100,2.89,0.95,0.0,24.4025,0.325,3.042137406495637
2024-04-26 11:59:34.200,11:58:59,200,3.0125,0.88,0.0,24.3825,0.3,3.138400269245464
2024-04-26 11:59:34.300,11:58:59,300,2.93,0.8675,0.0,24.39,0.475,3.055725159434336
2024-04-26 11:59:34.400,11:58:59,400,2.955,0.8525,0.0,24.415,0.425,3.0755131685622805
2024-04-26 11:59:34.500,11:58:59,500,2.9125,0.8,0.0,24.46,0.25,3.0203735282246136
2024-04-26 11:59:34.600,11:58:59,600,2.88,0.8875,0.01,24.4425,0.525,3.0136450106142227
2024-04-26 11:59:34.700,11:58:59,700,2.705,0.81,-0.2425,24.295,0.3,2.823672254352477
2024-04-26 11:59:34.800,11:58:59,800,2.9375,0.895,0.0425,24.315,0.3,3.0708193124962593
2024-04-26 11:59:34.900,11:58:59,900,2.975,0.8575,0.01,24.425,0.35,3.096115509796106
2024-04-26 11:59:35.000,11:59:00,0,3.1925,0.8,0.0,24.9,0.375,3.2912089344190836
2024-04-26 11:59:35.100,11:59:00,100,3.4225,0.905,0.295,25.4725,0.4,3.5401315300423515
2024-04-26 11:59:35.200,11:59:00,200,3.2775,0.6275,0.5525,25.3925,0.4,3.3370289929816312
2024-04-26 11:59:35.300,11:59:00,300,2.84,0.5825,0.0,25.295,0.275,2.8991216342195787
2024-04-26 11:59:35.400,11:59:00,400,2.76,0.845,0.0,25.2525,0.375,2.886455438769149
2024-04-26 11:59:35.500,11:59:00,500,2.5775,0.5725,0.385,25.0575,0.35,2.6403148486496835
2024-04-26 11:59:35.600,11:59:00,600,2.9425,-0.0875,0.4975,25.125,0.375,2.9438006895848092
2024-04-26 11:59:35.700,11:59:00,700,2.9175,-0.1825,0.535,25.2325,0.35,2.9232024391068094
2024-04-26 11:59:35.800,11:59:00,800,2.77,0.23,0.965,25.79,0.375,2.7795323347642498
2024-04-26 11:59:35.900,11:59:00,900,2.725,-0.2025,0.3725,25.1875,0.4,2.732513723661786
2024-04-26 11:59:36.000,11:59:01,0,2.65,-0.33,0.0,25.0825,0.25,2.670468123756582
2024-04-26 11:59:36.100,11:59:01,100,2.93,0.325,0.155,25.39,0.375,2.9479696402778646
2024-04-26 11:59:36.200,11:59:01,200,2.845,0.5525,0.4925,25.4275,0.375,2.8981513504301324
2024-04-26 11:59:36.300,11:59:01,300,2.8625,0.7275,0.755,25.3175,0.45,2.9535000423226676
2024-04-26 11:59:36.400,11:59:01,400,2.495,0.6625,0.86,25.2975,0.3,2.5814591319639364
2024-04-26 11:59:36.500,11:59:01,500,2.6425,0.2075,0.4475,25.3575,0.45,2.650634358035827
2024-04-26 11:59:36.600,11:59:01,600,2.535,-0.175,0.0,24.94,0.375,2.5410332544065612
2024-04-26 11:59:36.700,11:59:01,700,2.79,-0.525,0.1775,25.15,0.425,2.838965480593239
2024-04-26 11:59:36.800,11:59:01,800,2.465,-0.59,0.21,25.345,0.375,2.534625218844001
2024-04-26 11:59:36.900,11:59:01,900,2.4725,-0.3975,0.7675,25.2675,0.4,2.504248889387794
2024-04-26 11:59:37.000,11:59:02,0,2.4925,0.2675,0.57,25.325,0.35,2.5068132160175
2024-04-26 11:59:37.100,11:59:02,100,2.9175,-0.275,0.3875,25.56,0.375,2.930431922089302
2024-04-26 11:59:37.200,11:59:02,200,3.2575,-0.54,0.345,25.5875,0.55,3.3019549133808597
2024-04-26 11:59:37.300,11:59:02,300,2.9075,-0.375,0.1575,25.6425,0.275,2.931583403214038
2024-04-26 11:59:37.400,11:59:02,400,3.1525,-0.075,0.135,25.6825,0.3,3.1533920228858316
2024-04-26 11:59:37.500,11:59:02,500,3.4175,-0.4125,0.5525,25.5375,0.475,3.4423048238062823
2024-04-26 11:59:37.600,11:59:02,600,3.3575,-0.265,0.705,25.7825,0.25,3.3679416933789104
2024-04-26 11:59:37.700,11:59:02,700,3.295,-0.2425,0.465,25.695,0.375,3.3039115075921752
2024-04-26 11:59:37.800,11:59:02,800,3.1025,-0.3225,0.645,25.6575,0.475,3.1192166484551853
2024-04-26 11:59:37.900,11:59:02,900,3.1875,-0.4075,0.6225,25.7525,0.25,3.2134424687552756
2024-04-26 11:59:38.000,11:59:03,0,2.875,-0.2975,0.245,25.585,0.4,2.8903514059712534
2024-04-26 11:59:38.100,11:59:03,100,3.0175,-0.585,0.0,25.015,0.375,3.073683661341876
2024-04-26 11:59:38.200,11:59:03,200,3.11,-0.4775,0.0,25.05,0.35,3.146443428698504
2024-04-26 11:59:38.300,11:59:03,300,2.9525,-0.64,-0.025,25.285,0.325,3.0210687264608858
2024-04-26 11:59:38.400,11:59:03,400,2.82,-0.7775,0.0,25.15,0.35,2.9252190088948895
2024-04-26 11:59:38.500,11:59:03,500,2.74,-0.4025,0.0,25.3575,0.4,2.769405396470513
2024-04-26 11:59:38.600,11:59:03,600,2.69,-0.365,0.0,25.4475,0.425,2.714650069530141
2024-04-26 11:59:38.700,11:59:03,700,2.6325,-0.655,0.0,25.2525,0.4,2.712762660093949
2024-04-26 11:59:38.800,11:59:03,800,2.775,-0.5475,0.0,25.34,0.35,2.82849452005833
2024-04-26 11:59:38.900,11:59:03,900,2.6975,-0.5325,0.0,25.4,0.4,2.74955678246513
2024-04-26 11:59:39.000,11:59:04,0,2.7075,-0.5475,0.32,25.6675,0.4,2.762302029105434
2024-04-26 11:59:39.100,11:59:04,100,2.265,-0.7325,0.0,25.4525,0.425,2.3805002100398984
2024-04-26 11:59:39.200,11:59:04,200,2.4575,-1.32,0.2475,25.58,0.35,2.789570979559402
2024-04-26 11:59:39.300,11:59:04,300,2.6675,-1.105,0.09,25.6675,0.475,2.8873138468133317
2024-04-26 11:59:39.400,11:59:04,400,2.8275,-0.7775,0.0,25.735,0.375,2.9324499143207885
2024-04-26 11:59:39.500,11:59:04,500,3.31,-1.4725,0.745,26.1275,0.475,3.6227553395171475
2024-04-26 11:59:39.600,11:59:04,600,4.53,-0.7075,0.8225,26.33,0.3,4.584916166081993
2024-04-26 11:59:39.700,11:59:04,700,4.7725,-0.6725,0.6725,25.4675,0.55,4.8196485867747665
2024-04-26 11:59:39.800,11:59:04,800,4.525,-0.415,0.0,24.845,0.35,4.543990536961978
2024-04-26 11:59:39.900,11:59:04,900,4.4825,-0.0975,0.0,24.825,0.35,4.483560248284838
2024-04-26 11:59:40.000,11:59:05,0,4.625,-0.0875,0.0,24.73,0.4,4.62582762865198
2024-04-26 11:59:40.100,11:59:05,100,4.365,-0.255,0.055,24.4725,0.575,4.372442109393788
2024-04-26 11:59:40.200,11:59:05,200,4.2875,-0.1325,0.0,24.5625,0.175,4.289546887492897
2024-04-26 11:59:40.300,11:59:05,300,4.06,-0.135,0.0,24.68,0.575,4.06224383807767
2024-04-26 11:59:40.400,11:59:05,400,3.73,-0.065,0.035,24.5625,0.325,3.730566310897047
2024-04-26 11:59:40.500,11:59:05,500,4.0225,-0.205,0.0,24.4425,0.35,4.027720353996787
2024-04-26 11:59:40.600,11:59:05,600,3.8125,-0.81,0.0,24.705,0.5,3.8975962143351897
2024-04-26 11:59:40.700,11:59:05,700,3.5975,-1.1275,0.0,24.5325,0.35,3.7700480766165305
2024-04-26 11:59:40.800,11:59:05,800,3.705,-0.3325,0.0,24.65,0.325,3.719889951329206
2024-04-26 11:59:40.900,11:59:05,900,3.525,-0.0075,0.105,24.9575,0.475,3.5250079787143744
2024-04-26 11:59:41.000,11:59:06,0,4.02,-0.145,0.0,25.3075,0.35,4.022614199746229
2024-04-26 11:59:41.100,11:59:06,100,4.1325,0.4475,-0.0925,25.3775,0.325,4.156658814480688
2024-04-26 11:59:41.200,11:59:06,200,4.0275,0.34,-0.09,25.46,0.45,4.041825855971531
2024-04-26 11:59:41.300,11:59:06,300,3.875,0.59,-0.0425,25.055,0.325,3.919658786170041
2024-04-26 11:59:41.400,11:59:06,400,3.815,0.5725,-0.08,24.735,0.4,3.857717103417512
2024-04-26 11:59:41.500,11:59:06,500,3.5525,0.5575,0.0,24.5675,0.4,3.595978656777596
2024-04-26 11:59:41.600,11:59:06,600,3.095,0.3025,0.0,24.76,0.425,3.1097477791615193
2024-04-26 11:59:41.700,11:59:06,700,3.19,0.3725,0.245,25.005,0.4,3.2116749913401885
2024-04-26 11:59:41.800,11:59:06,800,2.9875,0.0375,0.69,25.46,0.4,2.987735346378591
2024-04-26 11:59:41.900,11:59:06,900,2.965,-0.6425,0.4775,25.325,0.375,3.033814636723872
2024-04-26 11:59:42.000,11:59:07,0,2.5375,-0.855,0.5525,25.28,0.425,2.6776727301894083
2024-04-26 11:59:42.100,11:59:07,100,2.66,-0.38,0.575,25.285,0.4,2.6870057685088806
2024-04-26 11:59:42.200,11:59:07,200,3.1325,-0.4425,0.6425,25.29,0.275,3.1635996112024034
2024-04-26 11:59:42.300,11:59:07,300,3.215,-0.37,0.1275,25.0025,0.525,3.236220789748437
2024-04-26 11:59:42.400,11:59:07,400,3.765,-1.035,0.6225,24.945,0.425,3.9046702805742766
2024-04-26 11:59:42.500,11:59:07,500,4.1675,-0.9075,0.34,25.2125,0.325,4.265162658094062
2024-04-26 11:59:42.600,11:59:07,600,4.3525,-0.9975,0.7775,25.53,0.375,4.465340132621478
2024-04-26 11:59:42.700,11:59:07,700,3.9425,-0.42,0.4625,25.54,0.425,3.964808475828309
2024-04-26 11:59:42.800,11:59:07,800,3.9325,0.2675,0.5,25.6425,0.475,3.941587560869351
2024-04-26 11:59:42.900,11:59:07,900,3.8875,0.55,0.945,25.7,0.375,3.926213984234685
2024-04-26 11:59:43.000,11:59:08,0,3.7675,0.3175,0.32,25.61,0.525,3.7808547314066434
2024-04-26 11:59:43.100,11:59:08,100,4.1125,0.265,0.1875,24.97,0.4,4.12102914937519
2024-04-26 11:59:43.200,11:59:08,200,4.2375,-0.29,0.32,25.0425,0.325,4.247411711854644
2024-04-26 11:59:43.300,11:59:08,300,4.205,0.285,0.0,24.97,0.6,4.214647078937927
2024-04-26 11:59:43.400,11:59:08,400,4.0725,-0.095,0.0,24.6975,0.25,4.073607891046953
2024-04-26 11:59:43.500,11:59:08,500,4.195,0.4525,0.0,24.875,0.475,4.2193342188075125
2024-04-26 11:59:43.600,11:59:08,600,3.595,-0.175,0.0,24.795,0.375,3.599256867743674
2024-04-26 11:59:43.700,11:59:08,700,3.785,-0.3425,0.295,24.825,0.425,3.800464609754971
2024-04-26 11:59:43.800,11:59:08,800,3.84,-0.4275,0.0,24.54,0.25,3.863723107315016
2024-04-26 11:59:43.900,11:59:08,900,3.83,0.1575,0.0,24.605,0.625,3.833237045892153
2024-04-26 11:59:44.000,11:59:09,0,3.4475,-0.0825,-0.0075,24.7075,0.375,3.4484869870712864
2024-04-26 11:59:44.100,11:59:09,100,3.5575,-0.635,0.0,24.6675,0.425,3.6137281649288457
2024-04-26 11:59:44.200,11:59:09,200,3.735,-0.9275,0.18,24.4525,0.4,3.8484388068410285
2024-04-26 11:59:44.300,11:59:09,300,3.55,-0.9275,0.325,24.6075,0.425,3.669162881366811
2024-04-26 11:59:44.400,11:59:09,400,3.3425,-0.745,0.415,24.9775,0.35,3.424519126826422
2024-04-26 11:59:44.500,11:59:09,500,2.9175,-1.2375,1.1575,25.185,0.55,3.1691027910119924
2024-04-26 11:59:44.600,11:59:09,600,2.8575,-0.8125,0.6475,24.9575,0.325,2.9707679983465556
2024-04-26 11:59:44.700,11:59:09,700,2.7225,-0.1675,0.535,25.1675,0.325,2.727647796178972
2024-04-26 11:59:44.800,11:59:09,800,2.965,-0.48,0.78,25.255,0.55,3.003602004260884
2024-04-26 11:59:44.900,11:59:09,900,3.985,-0.3,0.875,25.37,0.375,3.996276391842786
2024-04-26 11:59:45.000,11:59:10,0,3.4525,-0.74,0.6,25.235,0.325,3.5309143645803704
2024-04-26 11:59:45.100,11:59:10,100,3.39,-0.0175,0.0,25.045,0.425,3.3900451693155946
2024-04-26 11:59:45.200,11:59:10,200,3.7075,-0.3375,-0.005,24.805,0.475,3.7228299047901716
2024-04-26 11:59:45.300,11:59:10,300,3.8625,-0.2275,0.0,24.565,0.3,3.869194037522543
2024-04-26 11:59:45.400,11:59:10,400,3.6575,-0.2,0.0,24.7175,0.4,3.6629641344135493
2024-04-26 11:59:45.500,11:59:10,500,3.795,-0.0725,0.15,24.7675,0.55,3.7956924598813324
2024-04-26 11:59:45.600,11:59:10,600,4.425,-0.1475,0.165,24.93,0.4,4.427457650842072
2024-04-26 11:59:45.700,11:59:10,700,3.73,-0.8725,0.0,24.88,0.325,3.8306861330576276
2024-04-26 11:59:45.800,11:59:10,800,3.8375,-0.385,0.0,24.96,0.45,3.8567643498144917
2024-04-26 11:59:45.900,11:59:10,900,4.4675,0.0625,0.0,24.7075,0.4,4.467937163837468
2024-04-26 11:59:46.000,11:59:11,0,4.0575,-0.0325,0.0,24.5175,0.475,4.057630158109534
2024-04-26 11:59:46.100,11:59:11,100,4.1575,-0.1875,0.535,24.7575,0.425,4.161725903997042
2024-04-26 11:59:46.200,11:59:11,200,3.7475,-0.4125,0.4575,24.795,0.45,3.770134281428183
2024-04-26 11:59:46.300,11:59:11,300,3.4275,-0.83,0.2925,24.895,0.4,3.5265643691842636
2024-04-26 11:59:46.400,11:59:11,400,3.4275,-1.1575,0.1175,24.9575,0.425,3.6176736309401933
2024-04-26 11:59:46.500,11:59:11,500,3.2825,-0.79,0.1075,24.8725,0.375,3.3762266289453975
2024-04-26 11:59:46.600,11:59:11,600,3.5675,-0.585,0.645,24.955,0.45,3.615146089717537
2024-04-26 11:59:46.700,11:59:11,700,4.005,-0.94,0.435,25.0625,0.425,4.113833370470904
2024-04-26 11:59:46.800,11:59:11,800,3.8675,-1.04,0.1275,24.58,0.325,4.00489154035412
2024-04-26 11:59:46.900,11:59:11,900,3.8875,-0.9575,0.0,24.3325,0.65,4.0036811186706665
2024-04-26 11:59:47.000,11:59:12,0,4.21,-0.61,0.0,24.355,0.325,4.253962858323988
2024-04-26 11:59:47.100,11:59:12,100,4.39,-0.5425,0.0,24.2575,0.425,4.423393069805124
2024-04-26 11:59:47.200,11:59:12,200,4.4575,-0.55,0.0,24.2525,0.5,4.491303402131724
2024-04-26 11:59:47.300,11:59:12,300,4.7275,-0.47,-0.1525,24.685,0.25,4.750805852694888
2024-04-26 11:59:47.400,11:59:12,400,4.35,-0.7025,0.2275,25.1475,0.45,4.4063597504062235
2024-04-26 11:59:47.500,11:59:12,500,4.2525,-0.4325,0.7675,25.2325,0.375,4.274437097443359
2024-04-26 11:59:47.600,11:59:12,600,4.0725,-0.8125,0.305,24.515,0.475,4.1527596246351655
2024-04-26 11:59:47.700,11:59:12,700,3.9575,-0.8575,0.0,24.2625,0.525,4.049334821918286
2024-04-26 11:59:47.800,11:59:12,800,4.0675,-0.5075,0.0,24.375,0.425,4.099037996896345
2024-04-26 11:59:47.900,11:59:12,900,4.06,-0.3375,0.0,24.365,0.4,4.074003712565809
2024-04-26 11:59:48.000,11:59:13,0,3.9875,-0.225,0.05,24.2225,0.525,3.9938429175419503
2024-04-26 11:59:48.100,11:59:13,100,3.9475,-0.245,0.0575,24.3325,0.4,3.9550956056712456
2024-04-26 11:59:48.200,11:59:13,200,3.9025,-0.2075,0.0575,24.325,0.5,3.9080126023338253
2024-04-26 11:59:48.300,11:59:13,300,3.9725,-0.21,0.0,24.3775,0.45,3.9780467883120734
2024-04-26 11:59:48.400,11:59:13,400,3.9425,-0.195,0.0625,24.26,0.35,3.9473195018898584
2024-04-26 11:59:48.500,11:59:13,500,3.8675,-0.3425,0.0,24.33,0.6,3.882636024661596
2024-04-26 11:59:48.600,11:59:13,600,3.6575,-0.415,0.0,24.4525,0.425,3.6809687923154146
2024-04-26 11:59:48.700,11:59:13,700,3.715,-0.3825,0.0,24.33,0.55,3.734639373487084
2024-04-26 11:59:48.800,11:59:13,800,3.66,-0.525,0.0,24.33,0.25,3.697461967350036
2024-04-26 11:59:48.900,11:59:13,900,3.66,-0.58,0.0,24.3075,0.35,3.7056713291925933
2024-04-26 11:59:49.000,11:59:14,0,3.7725,-0.6,0.1175,24.5425,0.575,3.8199157385994784
2024-04-26 11:59:49.100,11:59:14,100,3.6875,-0.685,0.0,24.86,0.525,3.7505841211736604
2024-04-26 11:59:49.200,11:59:14,200,3.56,-0.7,0.0,24.5775,0.275,3.6281675815761325
2024-04-26 11:59:49.300,11:59:14,300,3.59,-0.6775,0.0,24.52,0.6,3.653369164209935
2024-04-26 11:59:49.400,11:59:14,400,3.8375,-0.465,0.0,24.6725,0.6,3.8655699773772043
2024-04-26 11:59:49.500,11:59:14,500,3.89,-0.525,0.0,24.7125,0.35,3.925267506807657
2024-04-26 11:59:49.600,11:59:14,600,3.93,-0.76,0.0,24.405,0.55,4.002811511925087
2024-04-26 11:59:49.700,11:59:14,700,3.7425,-0.93,0.0,24.5075,0.45,3.856320299197151
2024-04-26 11:59:49.800,11:59:14,800,3.735,-1.2425,0.0,24.705,0.475,3.936245832007955
2024-04-26 11:59:49.900,11:59:14,900,4.0725,-0.865,0.1325,24.9825,0.55,4.163349763111429
2024-04-26 11:59:50.000,11:59:15,0,3.605,-0.615,0.0,25.02,0.425,3.6570821702554075
2024-04-26 11:59:50.100,11:59:15,100,3.38,-0.8275,0.0,24.68,0.5,3.479821295698961
2024-04-26 11:59:50.200,11:59:15,200,3.64,-0.7425,0.0,24.6325,0.45,3.714957099348524
2024-04-26 11:59:50.300,11:59:15,300,4.255,-0.5375,0.0,24.7825,0.35,4.2888146672478165
2024-04-26 11:59:50.400,11:59:15,400,3.825,-0.925,0.0,24.77,0.525,3.9352572978142106
2024-04-26 11:59:50.500,11:59:15,500,3.475,-1.225,0.11,24.72,0.575,3.6845963143877785
2024-04-26 11:59:50.600,11:59:15,600,3.6675,-0.83,0.0,24.935,0.475,3.760246833653344
2024-04-26 11:59:50.700,11:59:15,700,3.585,-0.7475,-0.105,24.9,0.375,3.6621006608229654
2024-04-26 11:59:50.800,11:59:15,800,3.255,-0.91,0.0,24.89,0.675,3.379811385269894
2024-04-26 11:59:50.900,11:59:15,900,3.445,-0.7175,0.0,24.825,0.325,3.5189247292319283
2024-04-26 11:59:51.000,11:59:16,0,3.3925,-0.79,0.0,25.1325,0.45,3.4832680416528383
2024-04-26 11:59:51.100,11:59:16,100,3.385,-0.635,0.0,25.575,0.575,3.4440455862255948
2024-04-26 11:59:51.200,11:59:16,200,3.49,-0.255,0.1125,25.665,0.45,3.499303502127245
2024-04-26 11:59:51.300,11:59:16,300,3.63,-0.62,0.28,25.3525,0.525,3.6825670394440886
2024-04-26 11:59:51.400,11:59:16,400,3.1275,-0.5875,0.0,25.2325,0.475,3.1822024605609243
2024-04-26 11:59:51.500,11:59:16,500,2.69,-0.7175,0.0,25.0675,0.525,2.7840449439619324
2024-04-26 11:59:51.600,11:59:16,600,2.1025,-1.57,0.1475,25.1575,0.45,2.624005764094279
2024-04-26 11:59:51.700,11:59:16,700,2.1575,-2.0825,0.2075,25.3075,0.5,2.9986017574863126
2024-04-26 11:59:51.800,11:59:16,800,2.175,-1.39,0.0925,25.0825,0.575,2.581225484145079
2024-04-26 11:59:51.900,11:59:16,900,2.975,-0.885,-0.0575,24.735,0.475,3.1038443904293915
2024-04-26 11:59:52.000,11:59:17,0,2.9275,-1.1575,0.0425,24.965,0.425,3.1480251746134438
2024-04-26 11:59:52.100,11:59:17,100,2.975,-1.5025,0.15,24.9075,0.675,3.3328863241940914
2024-04-26 11:59:52.200,11:59:17,200,3.415,-1.135,0.0,24.5675,0.45,3.59867336667278
2024-04-26 11:59:52.300,11:59:17,300,3.51,-1.25,0.0,24.7175,0.425,3.7259361239828035
2024-04-26 11:59:52.400,11:59:17,400,4.4075,-1.185,0.16,24.7525,0.575,4.5640202946525115
2024-04-26 11:59:52.500,11:59:17,500,4.0275,-1.48,0.43,24.7425,0.55,4.290822327946008
2024-04-26 11:59:52.600,11:59:17,600,3.7225,-1.4175,0.0,24.37,0.525,3.983254008973066
2024-04-26 11:59:52.700,11:59:17,700,3.635,-1.095,0.0,24.355,0.35,3.7963469282983078
2024-04-26 11:59:52.800,11:59:17,800,3.97,-1.095,-0.2475,24.7575,0.6,4.1182429505797735
2024-04-26 11:59:52.900,11:59:17,900,4.1225,-1.64,0.6125,24.89,0.625,4.436733736658083
2024-04-26 11:59:53.000,11:59:18,0,3.405,-1.95,0.5775,24.7925,0.4,3.923840593092436
2024-04-26 11:59:53.100,11:59:18,100,3.7825,-1.745,0.0,24.5825,0.525,4.1656129500951
2024-04-26 11:59:53.200,11:59:18,200,2.4925,-1.5425,1.1,25.1125,0.6,2.931187899128952
2024-04-26 11:59:53.300,11:59:18,300,4.105,-1.2825,0.6975,24.7225,0.425,4.300677998874131
2024-04-26 11:59:53.400,11:59:18,400,3.7225,-1.3375,0.5275,24.385,0.575,3.9554914359659534
2024-04-26 11:59:53.500,11:59:18,500,3.59,-1.845,0.0,24.22,0.525,4.036350455547685
2024-04-26 11:59:53.600,11:59:18,600,3.8025,-1.5175,0.0,24.315,0.525,4.094119258155532
2024-04-26 11:59:53.700,11:59:18,700,4.0875,-1.4725,0.145,24.355,0.475,4.344641814925599
2024-04-26 11:59:53.800,11:59:18,800,3.405,-1.555,0.16,24.495,0.625,3.7432672894144225
2024-04-26 11:59:53.900,11:59:18,900,3.5,-1.2375,0.0,24.8425,0.55,3.7123316460144022
2024-04-26 11:59:54.000,11:59:19,0,3.305,-1.4175,0.0,24.875,0.475,3.5961550647879466
2024-04-26 11:59:54.100,11:59:19,100,2.9425,-1.5325,0.0,24.9,0.475,3.3176591898505787
2024-04-26 11:59:54.200,11:59:19,200,2.58,-1.42,0.0825,24.8925,0.6,2.944961799412685
2024-04-26 11:59:54.300,11:59:19,300,1.1375,-1.8575,0.1575,25.1475,0.5,2.178121323526309
2024-04-26 11:59:54.400,11:59:19,400,0.915,-1.0675,1.4525,25.1675,0.525,1.4059805297371653
2024-04-26 11:59:54.500,11:59:19,500,2.1125,-0.7125,0.535,25.0975,0.5,2.2294197675628515
2024-04-26 11:59:54.600,11:59:19,600,2.865,-0.7875,0.4825,24.84,0.5,2.9712592027623574
2024-04-26 11:59:54.700,11:59:19,700,2.98,-1.38,0.6125,24.9,0.55,3.2840219244091533
2024-04-26 11:59:54.800,11:59:19,800,3.2775,-1.0275,0.3025,24.4725,0.525,3.4347871113069
2024-04-26 11:59:54.900,11:59:19,900,3.605,-1.15,0.0,24.455,0.475,3.78398269023525
2024-04-26 11:59:55.000,11:59:20,0,3.64,-1.26,0.0,24.445,0.5,3.8519086178153294
2024-04-26 11:59:55.100,11:59:20,100,3.67,-1.1525,0.0,24.405,0.575,3.846707195771469
2024-04-26 11:59:55.200,11:59:20,200,3.5675,-0.9975,0.0,24.7025,0.575,3.704330236358524
2024-04-26 11:59:55.300,11:59:20,300,3.62,-1.28,0.0,24.6325,0.475,3.8396353993576007
2024-04-26 11:59:55.400,11:59:20,400,3.515,-1.1725,0.325,24.9275,0.475,3.705398932638698
2024-04-26 11:59:55.500,11:59:20,500,2.47,-1.1,0.885,25.215,0.625,2.7038676003088615
2024-04-26 11:59:55.600,11:59:20,600,3.2925,-1.17,0.7975,25.0025,0.625,3.4942032353599584
2024-04-26 11:59:55.700,11:59:20,700,3.9425,-1.13,0.515,24.865,0.375,4.101244475765862
2024-04-26 11:59:55.800,11:59:20,800,3.795,-1.0125,0.0,24.9825,0.55,3.9277450591910874
2024-04-26 11:59:55.900,11:59:20,900,3.445,-0.65,0.0,24.995,0.525,3.505784505642068
2024-04-26 11:59:56.000,11:59:21,0,3.36,-0.945,0.4375,24.9175,0.475,3.4903617291048787
2024-04-26 11:59:56.100,11:59:21,100,3.2775,-1.73,0.8325,24.9575,0.6,3.706063443871408
2024-04-26 11:59:56.200,11:59:21,200,3.595,-2.0525,0.3475,25.0925,0.45,4.139659557258302
2024-04-26 11:59:56.300,11:59:21,300,3.5425,-1.92,0.65,25.0225,0.55,4.029355562617923
2024-04-26 11:59:56.400,11:59:21,400,3.6075,-1.4375,0.0,25.0,0.5,3.88335711723761
2024-04-26 11:59:56.500,11:59:21,500,3.6925,-1.5,0.0,24.9625,0.4,3.9855434071152707
2024-04-26 11:59:56.600,11:59:21,600,3.775,-1.8625,0.0,24.515,0.675,4.20945735814012
2024-04-26 11:59:56.700,11:59:21,700,4.075,-1.3575,0.0,24.645,0.5,4.2951637046799505
2024-04-26 11:59:56.800,11:59:21,800,4.27,-1.725,0.0,24.6325,0.45,4.605271436082785
2024-04-26 11:59:56.900,11:59:21,900,3.9275,-1.9625,0.0,24.685,0.625,4.390519616173011
2024-04-26 11:59:57.000,11:59:22,0,3.77,-1.4375,0.0,24.6475,0.5,4.0347622296735155
2024-04-26 11:59:57.100,11:59:22,100,3.8,-1.2375,0.0,24.6975,0.5,3.9964241829415457
2024-04-26 11:59:57.200,11:59:22,200,3.4675,-1.7325,0.1225,24.8225,0.65,3.8762240002352804
2024-04-26 11:59:57.300,11:59:22,300,3.0225,-1.9175,0.3225,25.0425,0.4,3.5794290745871753
2024-04-26 11:59:57.400,11:59:22,400,3.61,-1.7525,0.335,25.025,0.45,4.012898734082384
2024-04-26 11:59:57.500,11:59:22,500,3.58,-1.84,0.65,24.5975,0.725,4.025170803829323
2024-04-26 11:59:57.600,11:59:22,600,3.7875,-1.55,0.385,24.565,0.45,4.092390041283944
2024-04-26 11:59:57.700,11:59:22,700,3.3725,-1.575,0.0,24.525,0.475,3.7221473976724777
2024-04-26 11:59:57.800,11:59:22,800,3.4875,-1.8025,0.0,24.4825,0.575,3.925769032941189
2024-04-26 11:59:57.900,11:59:22,900,3.5325,-1.5975,0.0,24.5,0.475,3.876926940245328
2024-04-26 11:59:58.000,11:59:23,0,3.1525,-1.6,0.125,25.0325,0.6,3.535287293841902
2024-04-26 11:59:58.100,11:59:23,100,3.22,-1.7175,0.43,25.1125,0.525,3.6494117676688664
2024-04-26 11:59:58.200,11:59:23,200,3.4,-1.8625,1.1575,24.895,0.7,3.8767133309028665
2024-04-26 11:59:58.300,11:59:23,300,3.155,-1.6725,0.6825,24.745,0.4,3.5708936206501587
2024-04-26 11:59:58.400,11:59:23,400,3.5275,-1.7475,0.1325,24.59,0.55,3.9366245058425373
2024-04-26 11:59:58.500,11:59:23,500,3.5925,-1.925,0.115,24.34,0.625,4.07574303041789
2024-04-26 11:59:58.600,11:59:23,600,3.555,-1.3375,0.8125,24.8675,0.575,3.7982800383857955
2024-04-26 11:59:58.700,11:59:23,700,3.525,-1.2575,0.4625,24.72,0.475,3.7425834994025187
2024-04-26 11:59:58.800,11:59:23,800,3.6175,-1.265,0.24,24.8075,0.625,3.8323010385406837
2024-04-26 11:59:58.900,11:59:23,900,3.2875,-1.3075,0.0,24.765,0.475,3.5379672836248783
2024-04-26 11:59:59.000,11:59:24,0,3.4725,-1.5825,0.0,24.5275,0.55,3.816092569631927
2024-04-26 11:59:59.100,11:59:24,100,3.4775,-1.59,0.0,24.4675,0.5,3.8237555165046837
2024-04-26 11:59:59.200,11:59:24,200,3.3975,-1.6975,0.0,24.385,0.575,3.797961624345354
2024-04-26 11:59:59.300,11:59:24,300,3.555,-1.555,0.235,24.3525,0.575,3.8802126230401344
2024-04-26 11:59:59.400,11:59:24,400,3.6725,-1.59,0.28,24.48,0.525,4.0019190708958625
2024-04-26 11:59:59.500,11:59:24,500,3.675,-1.465,0.2525,24.435,0.6,3.9562419036252066
2024-04-26 11:59:59.600,11:59:24,600,3.495,-1.7325,0.645,24.39,0.525,3.900843658748707
2024-04-26 11:59:59.700,11:59:24,700,3.3725,-1.575,0.0,24.415,0.425,3.7221473976724777
2024-04-26 11:59:59.800,11:59:24,800,3.5475,-1.525,0.0,24.475,0.625,3.8613962824346326
2024-04-26 11:59:59.900,11:59:24,900,3.52,-1.295,0.0,24.4,0.65,3.7506566091819176
2024-04-26 12:00:00.000,11:59:25,0,3.6975,-1.43,0.0,24.5475,0.45,3.9643922926471338
2024-04-26 12:00:00.100,11:59:25,100,3.6975,-1.425,0.0,24.5075,0.65,3.9625914815938317
2024-04-26 12:00:00.200,11:59:25,200,3.7025,-1.5725,0.0,24.455,0.525,4.022594001387662
2024-04-26 12:00:00.300,11:59:25,300,3.705,-1.36,0.0,24.53,0.45,3.946723324480702
2024-04-26 12:00:00.400,11:59:25,400,3.8625,-1.25,0.0,24.565,0.625,4.059729824754352
2024-04-26 12:00:00.500,11:59:25,500,3.7175,-1.3475,0.1175,24.5775,0.45,3.9541829118036507
2024-04-26 12:00:00.600,11:59:25,600,3.5225,-1.38,0.1175,24.565,0.625,3.78317409723634
2024-04-26 12:00:00.700,11:59:25,700,3.485,-1.1375,0.0,24.53,0.55,3.6659420685548207
2024-04-26 12:00:00.800,11:59:25,800,3.795,-0.9625,0.0,24.52,0.5,3.915154051886081
2024-04-26 12:00:00.900,11:59:25,900,3.565,-1.3175,0.0,24.5025,0.625,3.800661948924161
2024-04-26 12:00:01.000,11:59:26,0,3.5475,-1.1425,0.0,24.54,0.425,3.726937415626938
2024-04-26 12:00:01.100,11:59:26,100,3.815,-0.845,0.0,24.4075,0.425,3.907460812343484
2024-04-26 12:00:01.200,11:59:26,200,3.95,-0.9575,0.3325,24.46,0.7,4.064394942669819
2024-04-26 12:00:01.300,11:59:26,300,3.535,-0.975,0.2475,24.4875,0.575,3.6669946822977533
2024-04-26 12:00:01.400,11:59:26,400,3.28,-1.3975,0.0,24.45,0.375,3.565305912541026
2024-04-26 12:00:01.500,11:59:26,500,3.38,-1.015,0.0,24.4,0.575,3.529111077877827
2024-04-26 12:00:01.600,11:59:26,600,3.5425,-1.045,0.0,24.4825,0.525,3.693417286199868
2024-04-26 12:00:01.700,11:59:26,700,3.4275,-1.0725,0.0,24.4275,0.625,3.5913803056763567
2024-04-26 12:00:01.800,11:59:26,800,3.355,-1.14,0.0,24.3875,0.5,3.543391736740379
2024-04-26 12:00:01.900,11:59:26,900,3.515,-1.0975,0.0,24.4,0.55,3.682354036482641
2024-04-26 12:00:02.000,11:59:27,0,3.41,-1.1175,0.0,24.4225,0.6,3.588440643232099
2024-04-26 12:00:02.100,11:59:27,100,3.5625,-1.1625,0.0,24.525,0.5,3.7473740806063116
2024-04-26 12:00:02.200,11:59:27,200,3.4525,-1.175,0.0,24.7675,0.575,3.646968775572393
2024-04-26 12:00:02.300,11:59:27,300,3.5825,-1.0875,-0.0425,24.64,0.575,3.743923410007208
2024-04-26 12:00:02.400,11:59:27,400,2.7125,-1.685,0.1825,24.925,0.45,3.193255587954087
2024-04-26 12:00:02.500,11:59:27,500,2.825,-1.2525,0.775,24.97,0.675,3.0902073150518556
2024-04-26 12:00:02.600,11:59:27,600,2.4975,-0.6625,1.0825,25.03,0.625,2.583875480745928
2024-04-26 12:00:02.700,11:59:27,700,3.0625,-0.8925,0.5075,24.79,0.425,3.1899000768049146
2024-04-26 12:00:02.800,11:59:27,800,3.43,-1.375,0.11,24.7325,0.75,3.6953382795083862
2024-04-26 12:00:02.900,11:59:27,900,3.295,-1.4925,0.0,24.7075,0.475,3.6172615678161844
2024-04-26 12:00:03.000,11:59:28,0,3.26,-1.4025,0.0,24.7475,0.375,3.5488880300736456
2024-04-26 12:00:03.100,11:59:28,100,3.655,-1.8175,0.155,24.845,0.675,4.081951892171195
2024-04-26 12:00:03.200,11:59:28,200,3.8375,-2.1625,0.0,24.8375,0.65,4.404862370154146
2024-04-26 12:00:03.300,11:59:28,300,3.615,-1.7475,0.2425,24.6575,0.35,4.015218705126783
2024-04-26 12:00:03.400,11:59:28,400,3.4,-1.74,0.1175,24.7625,0.675,3.819371676074482
2024-04-26 12:00:03.500,11:59:28,500,3.36,-1.5525,0.0,24.6575,0.525,3.701331686028692
2024-04-26 12:00:03.600,11:59:28,600,3.4825,-0.9925,0.0,24.5075,0.475,3.621168664947823
2024-04-26 12:00:03.700,11:59:28,700,3.585,-0.9725,0.0,24.5275,0.675,3.714563399647393
2024-04-26 12:00:03.800,11:59:28,800,3.7825,-0.9125,0.0,24.4825,0.525,3.8910104728720536
2024-04-26 12:00:03.900,11:59:28,900,3.4175,-0.7725,0.0,24.5075,0.55,3.5037212360574577
2024-04-26 12:00:04.000,11:59:29,0,3.0325,-1.04,0.0,24.5625,0.7,3.205878389770891
2024-04-26 12:00:04.100,11:59:29,100,3.0775,-1.24,0.0,24.745,0.525,3.3179219776842253
2024-04-26 12:00:04.200,11:59:29,200,3.205,-1.01,0.0,24.73,0.6,3.3603757230405056
2024-04-26 12:00:04.300,11:59:29,300,3.005,-0.9675,0.0,24.7375,0.55,3.1569100794922873
2024-04-26 12:00:04.400,11:59:29,400,2.975,-1.13,0.0,24.7975,0.475,3.182377256077601
2024-04-26 12:00:04.500,11:59:29,500,3.1975,-0.8625,0.0,24.7725,0.6,3.3117838848572227
2024-04-26 12:00:04.600,11:59:29,600,3.1025,-0.95,-0.0025,24.7275,0.575,3.2446889296202186
2024-04-26 12:00:04.700,11:59:29,700,3.0875,-0.94,-0.2475,24.7075,0.55,3.2274225397366236
2024-04-26 12:00:04.800,11:59:29,800,3.1775,-1.085,0.005,24.755,0.625,3.3576377484773428
2024-04-26 12:00:04.900,11:59:29,900,3.2525,-0.9225,-0.105,24.875,0.55,3.3807931761644334
2024-04-26 12:00:05.000,11:59:30,0,3.6525,-0.645,-0.055,24.7675,0.5,3.709013514399752
2024-04-26 12:00:05.100,11:59:30,100,3.4625,-0.9625,0.0,24.8825,0.6,3.5937880432768985
2024-04-26 12:00:05.200,11:59:30,200,3.3175,-1.555,0.365,24.8825,0.525,3.6638546982652027
2024-04-26 12:00:05.300,11:59:30,300,3.0375,-1.435,0.0,24.76,0.575,3.3594093602893946
2024-04-26 12:00:05.400,11:59:30,400,3.705,-1.1575,0.0,24.74,0.6,3.881601634634858
2024-04-26 12:00:05.500,11:59:30,500,3.8275,-1.1675,0.0,24.8325,0.4,4.001601242003006
2024-04-26 12:00:05.600,11:59:30,600,3.935,-0.47,-0.0325,24.925,0.55,3.9629692151214093
2024-04-26 12:00:05.700,11:59:30,700,3.5275,-0.6625,0.0,24.8825,0.625,3.5891729548741447
2024-04-26 12:00:05.800,11:59:30,800,3.0325,-1.4525,0.1125,24.9675,0.575,3.362411708878019
2024-04-26 12:00:05.900,11:59:30,900,3.125,-1.5325,0.0,24.795,0.5,3.4805432406450576
2024-04-26 12:00:06.000,11:59:31,0,2.825,-1.5,0.1,24.93,0.525,3.198534820820308
2024-04-26 12:00:06.100,11:59:31,100,2.5375,-1.2325,0.605,24.9025,0.6,2.8209860864598393
2024-04-26 12:00:06.200,11:59:31,200,2.2975,-1.3625,0.6175,24.9675,0.6,2.6711256990265357
2024-04-26 12:00:06.300,11:59:31,300,2.3875,-1.83,0.5175,24.8775,0.55,3.0081649306512435
2024-04-26 12:00:06.400,11:59:31,400,2.43,-1.9525,0.83,24.9125,0.575,3.1172353536427115
2024-04-26 12:00:06.500,11:59:31,500,2.635,-1.6225,0.505,24.665,0.6,3.094467846011653
2024-04-26 12:00:06.600,11:59:31,600,2.2825,-1.81,0.445,24.685,0.525,2.9130578864828625
2024-04-26 12:00:06.700,11:59:31,700,1.965,-1.8475,0.5175,24.7475,0.475,2.6971246263382045
2024-04-26 12:00:06.800,11:59:31,800,1.9,-1.79,0.54,24.75,0.65,2.610383113644432
2024-04-26 12:00:06.900,11:59:31,900,1.875,-1.93,0.7475,24.9575,0.675,2.690822365002937
2024-04-26 12:00:07.000,11:59:32,0,2.2075,-2.0125,0.94,24.8625,0.675,2.987174668478561
2024-04-26 12:00:07.100,11:59:32,100,2.5325,-2.17,0.8325,24.9625,0.4,3.3350346699847067
2024-04-26 12:00:07.200,11:59:32,200,2.4,-1.7025,0.8475,25.0375,0.475,2.942533984510629
2024-04-26 12:00:07.300,11:59:32,300,2.1025,-1.2425,0.7875,25.0375,0.65,2.4421941978475012
2024-04-26 12:00:07.400,11:59:32,400,2.415,-1.465,0.6225,25.0825,0.6,2.8246150180157295
2024-04-26 12:00:07.500,11:59:32,500,2.19,-1.5275,0.645,25.1175,0.525,2.670085438707908
2024-04-26 12:00:07.600,11:59:32,600,2.695,-1.49,0.6325,25.1325,0.55,3.079468298261893
2024-04-26 12:00:07.700,11:59:32,700,2.235,-1.4325,0.625,25.0925,0.725,2.6546715898581503
2024-04-26 12:00:07.800,11:59:32,800,1.885,-1.3,0.66,25.0475,0.5,2.28980894399511
2024-04-26 12:00:07.900,11:59:32,900,2.3475,-1.48,0.505,25.0125,0.6,2.775095719069885
2024-04-26 12:00:08.000,11:59:33,0,2.2325,-1.3025,0.3275,25.0875,0.675,2.5846784132653715
2024-04-26 12:00:08.100,11:59:33,100,1.9025,-1.1875,0.2875,25.075,0.55,2.242690906032305
2024-04-26 12:00:08.200,11:59:33,200,2.465,-1.405,0.495,25.095,0.55,2.8372962481912243
2024-04-26 12:00:08.300,11:59:33,300,2.53,-1.3425,0.175,24.9425,0.7,2.864123993475143
2024-04-26 12:00:08.400,11:59:33,400,2.525,-1.3625,0.4275,25.055,0.525,2.869151660334462
2024-04-26 12:00:08.500,11:59:33,500,2.4925,-1.5575,0.08,24.94,0.55,2.939109133734234
2024-04-26 12:00:08.600,11:59:33,600,2.6525,-1.3325,0.0975,24.97,0.65,2.96838550393981
2024-04-26 12:00:08.700,11:59:33,700,2.755,-0.8575,0.0,24.9625,0.5,2.8853650115713263
2024-04-26 12:00:08.800,11:59:33,800,2.5925,-1.26,0.0,24.995,0.55,2.882473980801908
2024-04-26 12:00:08.900,11:59:33,900,1.995,-1.4025,0.095,25.1025,0.6,2.4386535731833665
2024-04-26 12:00:09.000,11:59:34,0,1.5625,-1.13,0.1825,25.08,0.55,1.9282910179742059
2024-04-26 12:00:09.100,11:59:34,100,1.6,-1.19,0.345,25.1075,0.6,1.9940160480798546
2024-04-26 12:00:09.200,11:59:34,200,1.9275,-1.225,0.185,25.08,0.575,2.2838303899370462
2024-04-26 12:00:09.300,11:59:34,300,2.57,-0.7425,0.0,24.9975,0.6,2.675108642653602
2024-04-26 12:00:09.400,11:59:34,400,2.54,-1.2075,0.46,25.085,0.575,2.8124111097064026
2024-04-26 12:00:09.500,11:59:34,500,2.8725,-0.695,0.0,25.0175,0.625,2.9553817435316203
2024-04-26 12:00:09.600,11:59:34,600,3.25,-0.6725,0.1,24.9525,0.575,3.3188486331859126
2024-04-26 12:00:09.700,11:59:34,700,3.075,-0.405,0.3025,25.0125,0.575,3.10155606107644
2024-04-26 12:00:09.800,11:59:34,800,2.8475,-0.26,0.4525,25.0875,0.6,2.859345423344301
2024-04-26 12:00:09.900,11:59:34,900,2.8025,-0.64,0.5,25.0875,0.6,2.874648891603982
2024-04-26 12:00:10.000,11:59:35,0,2.4925,-0.91,0.1125,25.185,0.625,2.6534234961649075
2024-04-26 12:00:10.100,11:59:35,100,2.4875,-0.7575,0.0725,25.0325,0.55,2.600281234789806
2024-04-26 12:00:10.200,11:59:35,200,2.19,-0.32,-0.005,25.075,0.6,2.2132555207205518
2024-04-26 12:00:10.300,11:59:35,300,2.29,-0.07,0.0,25.025,0.625,2.2910696191953663
2024-04-26 12:00:10.400,11:59:35,400,2.4525,0.1025,0.255,25.0125,0.625,2.4546410124496822
2024-04-26 12:00:10.500,11:59:35,500,2.45,-0.5675,0.005,25.2425,0.575,2.514867044199355
2024-04-26 12:00:10.600,11:59:35,600,2.2325,-0.9775,0.0,25.315,0.55,2.4371217655258834
2024-04-26 12:00:10.700,11:59:35,700,2.115,-0.91,0.44,25.4525,0.575,2.3024606402716206
2024-04-26 12:00:10.800,11:59:35,800,1.83,-1.3825,0.63,25.3675,0.625,2.293513952431945
2024-04-26 12:00:10.900,11:59:35,900,2.1025,-0.7525,0.65,25.2575,0.575,2.233106020770174
2024-04-26 12:00:11.000,11:59:36,0,1.5525,-0.72,0.5725,25.2275,0.6,1.7113317182825776
2024-04-26 12:00:11.100,11:59:36,100,1.6725,-1.5075,0.61,25.25,0.6,2.2516244136178662
2024-04-26 12:00:11.200,11:59:36,200,1.7175,-1.4275,0.425,25.225,0.575,2.233285136295856
2024-04-26 12:00:11.300,11:59:36,300,1.3425,-1.335,0.37,25.1425,0.6,1.8932858342046506
2024-04-26 12:00:11.400,11:59:36,400,1.3725,-0.99,0.165,25.0825,0.575,1.6922931926826392
2024-04-26 12:00:11.500,11:59:36,500,1.3625,-1.08,0.4225,25.165,0.55,1.7386219399282872
2024-04-26 12:00:11.600,11:59:36,600,1.125,-0.775,0.1825,25.0475,0.6,1.366107609231425
2024-04-26 12:00:11.700,11:59:36,700,1.0625,-0.6325,-0.1025,24.9975,0.575,1.2365122320462503
2024-04-26 12:00:11.800,11:59:36,800,1.55,-1.0,0.415,25.1175,0.625,1.8445866745696717
2024-04-26 12:00:11.900,11:59:36,900,1.7325,-1.1,0.57,25.21,0.575,2.0522076527486197
2024-04-26 12:00:12.000,11:59:37,0,1.46,-1.17,0.5475,25.21,0.575,1.8709623192357454
2024-04-26 12:00:12.100,11:59:37,100,1.1625,-1.0725,0.4325,25.1825,0.65,1.581664471371852
2024-04-26 12:00:12.200,11:59:37,200,1.17,-0.9025,0.41,25.21,0.55,1.477635357589957
2024-04-26 12:00:12.300,11:59:37,300,1.195,-0.8875,0.465,25.335,0.6,1.488516459432008
2024-04-26 12:00:12.400,11:59:37,400,1.445,-0.8625,0.6325,25.505,0.65,1.682834290713141
2024-04-26 12:00:12.500,11:59:37,500,1.525,-0.95,0.5725,25.59,0.575,1.7966983608830949
2024-04-26 12:00:12.600,11:59:37,600,1.6525,-0.9075,0.6775,25.5525,0.525,1.8852884394702047
2024-04-26 12:00:12.700,11:59:37,700,1.405,-0.9375,0.405,25.4325,0.65,1.6890622398242168
2024-04-26 12:00:12.800,11:59:37,800,1.3575,-1.0075,0.1825,25.3625,0.6,1.6905213692822696
2024-04-26 12:00:12.900,11:59:37,900,1.605,-0.7975,0.59,25.2325,0.575,1.792214063665387
2024-04-26 12:00:13.000,11:59:38,0,2.3825,-0.2575,0.115,25.31,0.6,2.396374866334564
2024-04-26 12:00:13.100,11:59:38,100,2.5675,-1.0025,-0.29,25.035,0.6,2.756276927306108
2024-04-26 12:00:13.200,11:59:38,200,1.7775,-0.705,-0.1375,25.1275,0.575,1.9122058597337264
2024-04-26 12:00:13.300,11:59:38,300,2.7225,-0.6525,0.155,25.1375,0.65,2.7996004179168144
2024-04-26 12:00:13.400,11:59:38,400,3.1875,-0.5025,0.0,25.1925,0.65,3.226865739382412
2024-04-26 12:00:13.500,11:59:38,500,2.43,-0.6525,0.0,25.1,0.55,2.516079539680731
2024-04-26 12:00:13.600,11:59:38,600,2.5175,-0.74,0.1,25.145,0.55,2.624005764094279
2024-04-26 12:00:13.700,11:59:38,700,2.3925,-1.0525,0.4325,25.27,0.65,2.6137736129971163
2024-04-26 12:00:13.800,11:59:38,800,1.955,-1.3275,0.8225,25.445,0.6,2.3631083872730003
2024-04-26 12:00:13.900,11:59:38,900,2.6275,-1.4125,0.6825,25.275,0.575,2.983104507053013
2024-04-26 12:00:14.000,11:59:39,0,2.58,-1.7875,0.2525,25.0275,0.575,3.1387188867434435
2024-04-26 12:00:14.100,11:59:39,100,2.755,-0.9,0.0,24.845,0.625,2.8982796621444247
2024-04-26 12:00:14.200,11:59:39,200,2.315,-0.825,0.085,24.8725,0.625,2.4576106282322265
2024-04-26 12:00:14.300,11:59:39,300,1.8625,-1.09,0.165,25.1175,0.6,2.158009789134424
2024-04-26 12:00:14.400,11:59:39,400,1.8925,-1.2175,0.12,25.11,0.625,2.2503027574084338
2024-04-26 12:00:14.500,11:59:39,500,1.84,-1.7425,0.0875,25.305,0.525,2.5341480323769563
2024-04-26 12:00:14.600,11:59:39,600,2.2175,-2.305,-0.525,25.08,0.625,3.198488901028109
2024-04-26 12:00:14.700,11:59:39,700,1.4425,-2.005,-0.0625,25.2175,0.6,2.4699860829567437
2024-04-26 12:00:14.800,11:59:39,800,1.28,-1.7625,0.07,25.2425,0.575,2.178257617913914
2024-04-26 12:00:14.900,11:59:39,900,1.36,-1.7975,0.74,25.3375,0.625,2.2540200198756
2024-04-26 12:00:15.000,11:59:40,0,1.64,-1.7775,0.9375,25.2525,0.625,2.4184925573588187
2024-04-26 12:00:15.100,11:59:40,100,1.38,-1.9625,1.165,25.3025,0.575,2.3991261429945694
2024-04-26 12:00:15.200,11:59:40,200,1.075,-1.4625,0.74,25.195,0.6,1.81508436443048
2024-04-26 12:00:15.300,11:59:40,300,1.5,-2.035,0.69,25.28,0.625,2.528087221596597
2024-04-26 12:00:15.400,11:59:40,400,1.46,-1.645,0.465,25.23,0.625,2.199460161039522
2024-04-26 12:00:15.500,11:59:40,500,1.5725,-1.1025,0.56,25.305,0.55,1.9204849647940492
2024-04-26 12:00:15.600,11:59:40,600,1.9525,-1.2375,0.53,25.365,0.65,2.311636325203426
2024-04-26 12:00:15.700,11:59:40,700,1.67,-1.2175,0.495,25.225,0.55,2.066689684011608
2024-04-26 12:00:15.800,11:59:40,800,1.6275,-0.6675,0.0625,25.1675,0.55,1.7590658032035071
2024-04-26 12:00:15.900,11:59:40,900,1.865,-0.215,0.0,24.9125,0.675,1.8773518583366307
2024-04-26 12:00:16.000,11:59:41,0,2.5775,0.21,-0.3075,24.92,0.525,2.5860406512659466
2024-04-26 12:00:16.100,11:59:41,100,3.1775,-0.5825,0.0,25.065,0.6,3.230450819932104
2024-04-26 12:00:16.200,11:59:41,200,3.245,-0.33,-0.0325,24.8,0.6,3.261736500700202
2024-04-26 12:00:16.300,11:59:41,300,2.5225,0.085,-0.605,24.6975,0.55,2.523931704702011
2024-04-26 12:00:16.400,11:59:41,400,2.1975,0.23,0.1675,24.8725,0.675,2.209503620725705
2024-04-26 12:00:16.500,11:59:41,500,2.485,0.1425,0.6775,25.1925,0.6,2.4890824112511822
2024-04-26 12:00:16.600,11:59:41,600,2.4525,0.13,0.7775,25.3675,0.55,2.455943046978085
2024-04-26 12:00:16.700,11:59:41,700,2.7425,0.4525,0.615,25.36,0.625,2.779579554536981
2024-04-26 12:00:16.800,11:59:41,800,2.4975,0.7825,0.7725,25.5025,0.625,2.6172146453816123
2024-04-26 12:00:16.900,11:59:41,900,2.1625,0.18,0.755,25.44,0.6,2.1699783985099943
2024-04-26 12:00:17.000,11:59:42,0,2.7625,-1.0375,0.86,25.4975,0.575,2.9509002863533023
2024-04-26 12:00:17.100,11:59:42,100,2.4625,-0.98,0.4675,25.08,0.65,2.6503407799752847
2024-04-26 12:00:17.200,11:59:42,200,2.7375,-0.97,0.0,24.44,0.625,2.9042737904681095
2024-04-26 12:00:17.300,11:59:42,300,2.86,-0.87,0.0,24.3725,0.575,2.9893979326948092
2024-04-26 12:00:17.400,11:59:42,400,3.0775,-0.8625,0.0,24.405,0.55,3.1960776742751418
2024-04-26 12:00:17.500,11:59:42,500,3.27,-0.835,0.0,24.5425,0.65,3.3749259251130237
2024-04-26 12:00:17.600,11:59:42,600,3.0875,-0.97,0.0,24.54,0.65,3.2362874177056646
2024-04-26 12:00:17.700,11:59:42,700,3.0525,-1.2175,0.0,24.6575,0.65,3.286344854089419
2024-04-26 12:00:17.800,11:59:42,800,3.355,-1.0425,0.0,24.58,0.6,3.5132365775734486
2024-04-26 12:00:17.900,11:59:42,900,3.36,-0.995,0.0,24.5375,0.575,3.504229587227412
2024-04-26 12:00:18.000,11:59:43,0,3.4425,-1.27,0.235,24.495,0.65,3.669292336404937
2024-04-26 12:00:18.100,11:59:43,100,3.17,-0.88,0.0,24.69,0.65,3.289878417206326
2024-04-26 12:00:18.200,11:59:43,200,2.92,-0.825,0.0,24.685,0.6,3.0343079935959034
2024-04-26 12:00:18.300,11:59:43,300,2.8825,-1.0975,0.0,24.605,0.65,3.084365818122098
2024-04-26 12:00:18.400,11:59:43,400,2.8125,-1.1625,0.0,24.5475,0.575,3.0432815347910225
2024-04-26 12:00:18.500,11:59:43,500,2.81,-1.08,0.0,24.54,0.625,3.010398644698074
2024-04-26 12:00:18.600,11:59:43,600,2.815,-1.25,0.0,24.5625,0.625,3.0800527592883857
2024-04-26 12:00:18.700,11:59:43,700,3.02,-1.065,0.0,24.845,0.525,3.2022843409041615
2024-04-26 12:00:18.800,11:59:43,800,2.98,-1.15,0.0,24.8875,0.7,3.1941978648793814
2024-04-26 12:00:18.900,11:59:43,900,2.8725,-1.08,0.0,24.84,0.6,3.068820009384715
2024-04-26 12:00:19.000,11:59:44,0,3.1625,-1.32,0.0,24.8675,0.675,3.426923729819501
2024-04-26 12:00:19.100,11:59:44,100,3.05,-1.6025,0.0,24.845,0.6,3.4453601045464026
2024-04-26 12:00:19.200,11:59:44,200,3.08,-1.4425,0.0,24.9675,0.55,3.4010595775434456
2024-04-26 12:00:19.300,11:59:44,300,3.16,-1.705,0.0,24.8875,0.65,3.5906301675332704
2024-04-26 12:00:19.400,11:59:44,400,3.185,-1.5025,0.1075,24.8175,0.575,3.521609184733593
2024-04-26 12:00:19.500,11:59:44,500,3.1,-1.455,0.0,24.96,0.65,3.4244744122273714
2024-04-26 12:00:19.600,11:59:44,600,2.795,-1.67,0.0,25.015,0.625,3.255906171866751
2024-04-26 12:00:19.700,11:59:44,700,3.0,-1.4,0.205,25.0875,0.575,3.3105890714493698
2024-04-26 12:00:19.800,11:59:44,800,2.985,-1.6375,0.2525,24.9175,0.7,3.4046484767153276
2024-04-26 12:00:19.900,11:59:44,900,3.085,-1.605,0.52,24.7325,0.575,3.477535046552371
2024-04-26 12:00:20.000,11:59:45,0,3.245,-1.4775,0.3575,24.88,0.55,3.5655337959413593
2024-04-26 12:00:20.100,11:59:45,100,3.22,-1.465,0.3275,24.7875,0.675,3.5376015886473144
2024-04-26 12:00:20.200,11:59:45,200,3.2875,-1.475,0.135,24.7625,0.65,3.6032320560852034
2024-04-26 12:00:20.300,11:59:45,300,3.5875,-1.3425,0.2575,24.83,0.55,3.8304650500950923
2024-04-26 12:00:20.400,11:59:45,400,3.4675,-1.3675,0.15,24.78,0.625,3.7274136475577806
2024-04-26 12:00:20.500,11:59:45,500,3.3625,-1.9075,0.0,24.6725,0.55,3.8658715058832462
2024-04-26 12:00:20.600,11:59:45,600,3.545,-1.8175,0.0,24.8075,0.675,3.9837584326863995
2024-04-26 12:00:20.700,11:59:45,700,3.5925,-1.66,0.0,24.555,0.65,3.9574810485964425
2024-04-26 12:00:20.800,11:59:45,800,3.57,-1.455,0.0,24.7275,0.55,3.855116729750216
2024-04-26 12:00:20.900,11:59:45,900,3.5725,-1.29,0.01,24.6725,0.675,3.7982701654832294
2024-04-26 12:00:21.000,11:59:46,0,3.5925,-1.24,-0.0125,24.7375,0.625,3.800481055077107
2024-04-26 12:00:21.100,11:59:46,100,3.54,-1.6125,0.0,24.89,0.575,3.8899558159444436
2024-04-26 12:00:21.200,11:59:46,200,3.495,-1.9325,0.2525,25.0125,0.7,3.9936926834697735
2024-04-26 12:00:21.300,11:59:46,300,3.3925,-2.3075,0.0,24.9825,0.575,4.1028785626679225
2024-04-26 12:00:21.400,11:59:46,400,3.1425,-2.235,0.105,25.075,0.65,3.8562327795401563
2024-04-26 12:00:21.500,11:59:46,500,3.3175,-2.12,0.0025,25.0,0.525,3.9370301306949633
2024-04-26 12:00:21.600,11:59:46,600,3.19,-2.2325,0.11,24.9925,0.675,3.8936045317931303
2024-04-26 12:00:21.700,11:59:46,700,3.2725,-2.05,0.1125,24.925,0.65,3.8615743227341874
2024-04-26 12:00:21.800,11:59:46,800,3.51,-1.8825,0.12,24.86,0.45,3.982951951756385
2024-04-26 12:00:21.900,11:59:46,900,3.725,-1.79,0.0,25.02,0.7,4.132762393363548
2024-04-26 12:00:22.000,11:59:47,0,3.4175,-1.9875,0.285,25.185,0.7,3.9534115014756557
2024-04-26 12:00:22.100,11:59:47,100,3.49,-2.0675,0.4325,25.155,0.55,4.056433932655628
2024-04-26 12:00:22.200,11:59:47,200,3.49,-2.2575,0.2775,25.12,0.6,4.1564896547447345
2024-04-26 12:00:22.300,11:59:47,300,3.195,-2.13,0.2225,25.14,0.6,3.8399121083691483
2024-04-26 12:00:22.400,11:59:47,400,2.79,-2.285,0.525,25.195,0.6,3.606289644496127
2024-04-26 12:00:22.500,11:59:47,500,2.66,-1.9775,0.505,25.255,0.6,3.314529566921979
2024-04-26 12:00:22.600,11:59:47,600,2.8775,-2.35,0.1225,25.0725,0.75,3.715172438797424
2024-04-26 12:00:22.700,11:59:47,700,2.845,-2.3725,0.6,25.0225,0.7,3.7044272499267685
2024-04-26 12:00:22.800,11:59:47,800,3.3575,-2.21,0.6275,24.9225,0.475,4.019565430491212
2024-04-26 12:00:22.900,11:59:47,900,3.2225,-2.045,0.255,24.9375,0.625,3.816612536006242
2024-04-26 12:00:23.000,11:59:48,0,3.2575,-1.585,0.1525,24.8775,0.675,3.6226414741180224
2024-04-26 12:00:23.100,11:59:48,100,3.145,-1.65,0.0,24.845,0.65,3.551552477438564
2024-04-26 12:00:23.200,11:59:48,200,3.06,-1.7,0.0,24.9525,0.6,3.50051424793558
2024-04-26 12:00:23.300,11:59:48,300,3.2025,-1.235,0.0,24.88,0.55,3.4323798230965057
2024-04-26 12:00:23.400,11:59:48,400,3.2925,-0.8525,0.0,25.005,0.575,3.401075197639711
2024-04-26 12:00:23.500,11:59:48,500,3.1775,-0.71,0.0,24.9625,0.7,3.2558572219923896
2024-04-26 12:00:23.600,11:59:48,600,2.9075,-0.74,0.0,25.0075,0.55,3.000192702144314
2024-04-26 12:00:23.700,11:59:48,700,3.065,-0.5625,0.0,24.98,0.6,3.1161885774131193
2024-04-26 12:00:23.800,11:59:48,800,2.7,-1.1225,0.0,24.985,0.65,2.9240393721699443
2024-04-26 12:00:23.900,11:59:48,900,2.52,-0.965,0.0775,24.9725,0.6,2.698448628378906
2024-04-26 12:00:24.000,11:59:49,0,2.445,-1.415,0.355,25.13,0.7,2.824933627538884
2024-04-26 12:00:24.100,11:59:49,100,2.14,-1.1925,0.2575,25.1875,0.7,2.449827800070854
2024-04-26 12:00:24.200,11:59:49,200,2.38,-1.11,0.0775,25.1725,0.625,2.6261188091935215
2024-04-26 12:00:24.300,11:59:49,300,2.7925,-1.0175,0.4,25.17,0.625,2.9720973234401327
2024-04-26 12:00:24.400,11:59:49,400,3.0475,-1.0925,0.23,25.08,0.6,3.2374082998596267
2024-04-26 12:00:24.500,11:59:49,500,2.8875,-0.5725,-0.315,24.9825,0.575,2.9437072714521055
2024-04-26 12:00:24.600,11:59:49,600,3.065,-0.5375,-0.0425,25.015,0.75,3.111773007466965
2024-04-26 12:00:24.700,11:59:49,700,3.085,-0.81,-0.05,24.99,0.625,3.189565017365221
2024-04-26 12:00:24.800,11:59:49,800,3.0875,-0.6525,0.0,24.995,0.525,3.155695248277311
2024-04-26 12:00:24.900,11:59:49,900,3.0025,-0.4425,0.0,24.9925,0.6,3.034932042072771
2024-04-26 12:00:25.000,11:59:50,0,2.6975,-0.485,0.0,25.065,0.7,2.740753774055597
2024-04-26 12:00:25.100,11:59:50,100,3.0275,-0.325,0.0,25.0225,0.625,3.0448942920896283
2024-04-26 12:00:25.200,11:59:50,200,3.275,-0.7375,0.0,25.035,0.6,3.357012250498946
2024-04-26 12:00:25.300,11:59:50,300,3.2925,-0.54,0.0,25.0575,0.65,3.336488610800283
2024-04-26 12:00:25.400,11:59:50,400,3.27,-1.07,0.1125,25.0675,0.675,3.4406104109590787
2024-04-26 12:00:25.500,11:59:50,500,3.2075,-1.065,0.105,25.0125,0.6,3.379686560910642
2024-04-26 12:00:25.600,11:59:50,600,3.3225,-0.5725,0.0,25.0975,0.575,3.371462961386347
2024-04-26 12:00:25.700,11:59:50,700,3.435,-0.76,-0.1225,24.9575,0.675,3.5180712045096527
2024-04-26 12:00:25.800,11:59:50,800,3.1475,-0.675,0.0,24.7725,0.625,3.2190652758215386
2024-04-26 12:00:25.900,11:59:50,900,3.2125,-0.6625,0.0025,24.4675,0.625,3.2801009892989574
2024-04-26 12:00:26.000,11:59:51,0,3.06,-0.4975,0.0,24.57,0.6,3.100178422284756
2024-04-26 12:00:26.100,11:59:51,100,3.075,-0.3925,-0.025,24.3925,0.7,3.0999485882833606
2024-04-26 12:00:26.200,11:59:51,200,2.9075,-0.3275,0.0025,24.375,0.625,2.925886617762213
2024-04-26 12:00:26.300,11:59:51,300,2.9725,-0.545,0.0,24.3825,0.675,3.022049180605769
2024-04-26 12:00:26.400,11:59:51,400,3.005,-0.5175,0.0,24.355,0.675,3.049234535092373
2024-04-26 12:00:26.500,11:59:51,500,2.9875,-0.56,0.0,24.38,0.65,3.0395322419740833
2024-04-26 12:00:26.600,11:59:51,600,2.8225,-0.585,0.0,24.4425,0.6,2.882486990430312
2024-04-26 12:00:26.700,11:59:51,700,2.68,-0.5325,0.0,24.7275,0.65,2.732390208224294
2024-04-26 12:00:26.800,11:59:51,800,2.7375,-0.65,-0.035,24.5075,0.65,2.813610891719038
2024-04-26 12:00:26.900,11:59:51,900,2.7325,-0.54,-0.435,24.6025,0.625,2.7853467019385576
2024-04-26 12:00:27.000,11:59:52,0,2.9875,-0.4225,-0.09,24.8825,0.625,3.0172276181952196
2024-04-26 12:00:27.100,11:59:52,100,3.07,-0.0725,0.01,24.8775,0.6,3.070855947451785
2024-04-26 12:00:27.200,11:59:52,200,3.0825,-0.41,-0.105,24.8175,0.675,3.109647287072925
2024-04-26 12:00:27.300,11:59:52,300,2.8575,-0.4875,-0.07,24.8,0.575,2.8987863839889965
2024-04-26 12:00:27.400,11:59:52,400,2.8225,-0.5325,0.115,24.7975,0.625,2.872292203101906
2024-04-26 12:00:27.500,11:59:52,500,2.645,-1.1575,0.575,24.77,0.675,2.8871839653891125
2024-04-26 12:00:27.600,11:59:52,600,2.75,-1.1925,0.6575,25.0075,0.675,2.9974249365080023
2024-04-26 12:00:27.700,11:59:52,700,2.2425,-0.965,0.3325,24.75,0.625,2.4413175233877302
2024-04-26 12:00:27.800,11:59:52,800,2.32,-0.6975,0.2525,24.9175,0.65,2.4225825579327527
2024-04-26 12:00:27.900,11:59:52,900,2.51,-0.64,0.3025,24.8625,0.675,2.5903088618927277
2024-04-26 12:00:28.000,11:59:53,0,2.235,-0.7175,0.32,24.85,0.65,2.347345575325457
2024-04-26 12:00:28.100,11:59:53,100,2.335,-0.94,0.4425,24.8925,0.65,2.517106473711432
2024-04-26 12:00:28.200,11:59:53,200,2.6375,-0.68,0.2675,24.9475,0.675,2.72374856585552
2024-04-26 12:00:28.300,11:59:53,300,2.7525,-0.59,0.0,25.0125,0.725,2.8150233125144806
2024-04-26 12:00:28.400,11:59:53,400,2.8575,-0.3325,0.1225,25.0675,0.625,2.8767798838284446
2024-04-26 12:00:28.500,11:59:53,500,2.8875,-0.1225,0.0,25.01,0.6,2.8900973167005986
2024-04-26 12:00:28.600,11:59:53,600,3.375,-0.3325,0.0,24.695,0.725,3.391339152901107
2024-04-26 12:00:28.700,11:59:53,700,3.27,-0.3475,0.0,24.8225,0.65,3.288412420910735
2024-04-26 12:00:28.800,11:59:53,800,3.04,-0.5725,0.0925,24.9,0.625,3.0934376104909567
2024-04-26 12:00:28.900,11:59:53,900,3.1325,-0.8975,0.1025,24.9275,0.65,3.2585368649134536
2024-04-26 12:00:29.000,11:59:54,0,3.235,-0.8125,0.0,24.975,0.65,3.3354731673332343
2024-04-26 12:00:29.100,11:59:54,100,3.4175,-0.6325,0.2725,24.95,0.6,3.4755377281796265
2024-04-26 12:00:29.200,11:59:54,200,3.2175,-1.0425,0.1075,24.89,0.675,3.382175705075063
2024-04-26 12:00:29.300,11:59:54,300,3.1625,-0.8525,0.105,24.915,0.7,3.275387381669533
2024-04-26 12:00:29.400,11:59:54,400,3.3825,-0.5125,0.0,25.1125,0.625,3.4211054499971203
2024-04-26 12:00:29.500,11:59:54,500,3.2875,0.19,0.0,25.175,0.675,3.2929859170667584
2024-04-26 12:00:29.600,11:59:54,600,3.105,-0.22,0.0,25.12,0.675,3.1127841235781193
2024-04-26 12:00:29.700,11:59:54,700,3.0625,-0.035,0.0,25.2,0.6,3.0626999934698143
2024-04-26 12:00:29.800,11:59:54,800,2.8475,-0.445,0.4675,25.2525,0.65,2.882061978861662
2024-04-26 12:00:29.900,11:59:54,900,2.7025,-0.0275,0.75,25.31,0.625,2.7026399131219834
2024-04-26 12:00:30.000,11:59:55,0,2.7775,0.065,0.3525,25.2675,0.675,2.7782604719500292
2024-04-26 12:00:30.100,11:59:55,100,2.97,-0.1775,0.48,25.4375,0.725,2.9752993546868525
2024-04-26 12:00:30.200,11:59:55,200,2.985,0.1075,0.5725,25.435,0.675,2.9869350930343295
2024-04-26 12:00:30.300,11:59:55,300,3.1725,0.085,1.0925,25.575,0.625,3.1736384876037786
2024-04-26 12:00:30.400,11:59:55,400,3.52,-0.1325,0.93,25.27,0.7,3.5224929027607708
2024-04-26 12:00:30.500,11:59:55,500,3.5575,-0.3775,0.505,24.775,0.575,3.5774729209317577
2024-04-26 12:00:30.600,11:59:55,600,3.43,-0.38,0.4225,24.8475,0.65,3.450985366529392
2024-04-26 12:00:30.700,11:59:55,700,3.3575,-0.5275,0.275,24.7225,0.625,3.398685407624542
2024-04-26 12:00:30.800,11:59:55,800,3.215,-0.325,0.0,24.735,0.7,3.2313851519124115
2024-04-26 12:00:30.900,11:59:55,900,3.36,-0.0825,0.0,24.845,0.625,3.361012682213502
2024-04-26 12:00:31.000,11:59:56,0,3.5925,0.1875,0.0,24.8375,0.65,3.597389678642001
2024-04-26 12:00:31.100,11:59:56,100,3.3925,0.2,0.0,24.8425,0.65,3.39839024392432
2024-04-26 12:00:31.200,11:59:56,200,3.35,0.04,0.125,24.8875,0.6,3.350238797459071
2024-04-26 12:00:31.300,11:59:56,300,3.17,-0.255,0.4675,24.9425,0.65,3.1802397708348975
2024-04-26 12:00:31.400,11:59:56,400,2.805,-0.1975,0.675,25.035,0.75,2.811944389563919
2024-04-26 12:00:31.500,11:59:56,500,2.7175,-0.0875,0.38,25.04,0.575,2.718908328723129
2024-04-26 12:00:31.600,11:59:56,600,3.2125,-0.255,0.2275,24.9575,0.625,3.222604730648796
2024-04-26 12:00:31.700,11:59:56,700,3.475,-0.59,0.155,24.835,0.6,3.5247304861506787
2024-04-26 12:00:31.800,11:59:56,800,3.645,-0.61,0.3925,24.95,0.65,3.695690057350589
2024-04-26 12:00:31.900,11:59:56,900,3.485,-0.81,0.64,24.9775,0.675,3.577893933587188
2024-04-26 12:00:32.000,11:59:57,0,2.9325,-1.3125,0.5475,24.9425,0.625,3.2128200229704746
2024-04-26 12:00:32.100,11:59:57,100,3.0625,-0.6775,0.37,24.9375,0.65,3.136544675275645
2024-04-26 12:00:32.200,11:59:57,200,3.3475,-0.615,0.6075,25.0325,0.7,3.403524827293023
2024-04-26 12:00:32.300,11:59:57,300,3.255,-0.7375,0.3625,24.975,0.6,3.3375037453162504
2024-04-26 12:00:32.400,11:59:57,400,3.4425,-0.555,0.6175,24.7075,0.65,3.486951569781261
2024-04-26 12:00:32.500,11:59:57,500,3.11,-0.5325,0.6375,24.8725,0.6,3.155258507634517
2024-04-26 12:00:32.600,11:59:57,600,3.05,-0.3375,0.545,24.95,0.7,3.0686163412847813
2024-04-26 12:00:32.700,11:59:57,700,2.3975,-0.54,0.22,25.035,0.7,2.457561036881892
2024-04-26 12:00:32.800,11:59:57,800,2.7325,-0.45,0.115,25.045,0.575,2.769306095396462
2024-04-26 12:00:32.900,11:59:57,900,2.8325,-0.4425,0.255,24.9975,0.8,2.866855856160194
2024-04-26 12:00:33.000,11:59:58,0,2.475,-0.4125,-0.015,25.0525,0.65,2.5091395437480157
2024-04-26 12:00:33.100,11:59:58,100,2.6,-0.6825,0.0,25.0525,0.55,2.688085982627788
2024-04-26 12:00:33.200,11:59:58,200,2.915,-0.9475,0.0,24.9675,0.85,3.0651233661958863
2024-04-26 12:00:33.300,11:59:58,300,3.01,-0.9125,0.1275,25.0775,0.6,3.1452752264309076
2024-04-26 12:00:33.400,11:59:58,400,2.79,-0.9775,0.0,25.115,0.6,2.956282505106709
2024-04-26 12:00:33.500,11:59:58,500,2.875,-0.755,0.0925,24.99,0.8,2.972482127784791
2024-04-26 12:00:33.600,11:59:58,600,3.04,-0.73,0.0,25.0475,0.65,3.126419677522517
2024-04-26 12:00:33.700,11:59:58,700,3.4525,-0.9175,0.0,25.08,0.675,3.5723329212154904
2024-04-26 12:00:33.800,11:59:58,800,3.1975,-1.0525,0.0,25.1275,0.675,3.36626833452118
2024-04-26 12:00:33.900,11:59:58,900,3.14,-1.075,0.11,25.1825,0.525,3.31891925180472
2024-04-26 12:00:34.000,11:59:59,0,3.0475,-0.56,0.0,25.23,0.725,3.0985248506345724
2024-04-26 12:00:34.100,11:59:59,100,2.735,-1.3975,0.1775,25.22,0.7,3.07135658138224
2024-04-26 12:00:34.200,11:59:59,200,2.7225,-1.675,0.5225,25.17,0.625,3.196502971999244
2024-04-26 12:00:34.300,11:59:59,300,2.475,-1.8575,0.2525,25.0725,0.675,3.0945001615769874
2024-04-26 12:00:34.400,11:59:59,400,2.5275,-1.43,0.5775,25.17,0.625,2.9039897124473426
2024-04-26 12:00:34.500,11:59:59,500,2.8475,-1.4775,0.65,25.16,0.775,3.207999766209468
2024-04-26 12:00:34.600,11:59:59,600,3.085,-1.8175,0.615,25.0475,0.625,3.580576943734068
2024-04-26 12:00:34.700,11:59:59,700,3.3075,-2.3525,0.8375,25.0875,0.65,4.058794463877175
2024-04-26 12:00:34.800,11:59:59,800,3.8075,-2.18,1.065,25.385,0.675,4.38742022719502
2024-04-26 12:00:34.900,11:59:59,900,2.985,-1.715,1.5875,25.24,0.55,3.4425934990933795
2024-04-26 12:00:35.000,12:00:00,0,3.05,-1.72,1.295,25.0125,0.775,3.501556796626323
2024-04-26 12:00:35.100,12:00:00,100,2.895,-1.5175,1.015,25.12,0.8,3.2686130468441807
2024-04-26 12:00:35.200,12:00:00,200,3.755,-1.105,1.0,25.195,0.4,3.914211287092203
2024-04-26 12:00:35.300,12:00:00,300,2.9975,-0.61,-0.035,25.2375,0.725,3.0589387457090407
2024-04-26 12:00:35.400,12:00:00,400,3.0875,0.0725,-0.23,25.22,0.7,3.088351097268573
2024-04-26 12:00:35.500,12:00:00,500,3.425,0.2725,-0.195,25.17,0.55,3.4358232274085343
2024-04-26 12:00:35.600,12:00:00,600,3.4825,0.405,0.1125,25.2625,0.875,3.5059707999354472
2024-04-26 12:00:35.700,12:00:00,700,2.885,0.49,0.0,25.2575,0.65,2.926315943297989
2024-04-26 12:00:35.800,12:00:00,800,3.2825,0.1075,0.0,24.8975,0.55,3.2842598100637534
2024-04-26 12:00:35.900,12:00:00,900,3.38,-0.06,0.0,24.425,0.775,3.380532502432124
